0,3xXSQN
1,buuugf
2,WWZyqx
3,DE9qNq
4,twrLde
5,Ra1Csi
6,ERtd5m
7,Kvm6HD
8,yMgbGi
9,Fu9WW7
10,cD3Evn
11,dyRgYg
12,3hnxrB
13,UJSC57
14,Cf2idz
15,CnA55V
16,tGb1c1
17,nhCCtU
18,quuCWp
19,Hy23Da
20,tx4FfM
21,6XAPbW
22,QdKtds
23,BHsjgn
24,R7nUJA
25,RRdnYC
26,QsH1zw
27,ZkaE5A
28,Er9u6x
29,4dAWcB
30,GhryZM
31,4gtyrn
32,shnDRV
33,Kke5LL
34,v9xjeD
35,yZAd6J
36,QrCKJM
37,aRW4az
38,eYYeAX
39,2fJsKR
40,Ki6dHD
41,8srjMS
42,3WHN7Z
43,sG6yj3
44,iEiKvj
45,qbh1mF
46,6iEYJe
47,q8vFKZ
48,d48i6N
49,Y6q4wH
50,rpW5sd
51,dWqppn
52,KJUV72
53,LY9ZC1
54,Uzatwh
55,iUK38q
56,DwwiwR
57,gnBieS
58,f41tCe
59,dwEt7X
60,ZwWsrR
61,d8nQhj
62,7vm3qC
63,7VFKpv
64,aJiZSB
65,dNWt4m
66,WB2FEG
67,FW9ckw
68,a9Mpnu
69,w5EZX1
70,bjWF73
71,MMQMe1
72,uwRmbQ
73,E4c842
74,r5H9a5
75,AwScvN
76,L7GGAx
77,tB6sWp
78,ZaEums
79,yWWME5
80,893htH
81,nQwJHJ
82,mLkiuQ
83,Sc8Zn9
84,URLPfw
85,jkcXRC
86,kpWAEg
87,kELSZ2
88,1Z1hMs
89,XM12hB
90,JB2KqK
91,hRUwLb
92,rVcG28
93,aED9Mh
94,n295cU
95,JebXfw
96,BvR1UP
97,49CddW
98,WPCtjS
99,Qhe2kc
100,p2xWdK
101,NC8eGR
102,3uzPPn
103,tq84H8
104,23izzL
105,vKwvpx
106,HnZQ3b
107,EzdLPS
108,ZjUUJN
109,JYdi94
110,SzuFXH
111,NKqcRz
112,uZZWEU
113,PekiEF
114,hBEJ5n
115,6BRzaE
116,CV6E7r
117,SwqjM6
118,DYFyvv
119,Ejf276
120,u5E8cY
121,pp5NG3
122,u3MXgh
123,7AwcYL
124,Uj5ZB8
125,A67SZ3
126,86JDXW
127,qhPNbg
128,6PmfYB
129,8vJuGG
130,8BhiSa
131,G7dJJk
132,DE5suD
133,4iPaKu
134,hQujiq
135,xj2W7P
136,C9Zp4L
137,XDqpDF
138,36zf6D
139,CxUmQx
140,ALRFdW
141,5E18wn
142,vci7zs
143,zZ5fku
144,cG5xRi
145,Xwqrfd
146,Cqi7uk
147,LLfRrg
148,Yrjb5b
149,8kgdAe
150,R9tvFM
151,71EhpV
152,fQH65u
153,6RNYuB
154,rJqcCM
155,A5djzw
156,r4hEKe
157,yFiyEY
158,pmgYqs
159,vnUh47
160,9z3Xhy
161,d6fPLh
162,R6nLsh
163,YQ5ag7
164,QVKkDv
165,h6BS68
166,2AaDNi
167,GfvkhV
168,17986y
169,8DuDuR
170,sMEw6A
171,5CuyjR
172,ZfDjQD
173,QXyF5z
174,ryg7gG
175,Xz91Ns
176,75aYtx
177,HyC5vH
178,cYeF6G
179,34Z5rC
180,1XtVkF
181,siXzh3
182,Z82eAh
183,6cPSah
184,VdaDGq
185,Lg1Yaq
186,gR5gMA
187,nq5XgW
188,gabQHw
189,EmPedk
190,DzqyA2
191,NGVZ1R
192,x9Enpm
193,6caGtU
194,jJ3YRd
195,z5XPJt
196,67HERz
197,BcSyPH
198,2pNd2Y
199,CcJ8Qy
200,trVXuV
201,PD9sxk
202,Y9Zk15
203,dzs7Z8
204,5Zt1FE
205,45rVqd
206,gb1BLg
207,mmBDDW
208,uHka7Z
209,LpXf2q
210,xuYWy2
211,BubAS8
212,Pq8njb
213,mpNk7D
214,Fizjai
215,JdrKbF
216,jwznhz
217,WsJB9Z
218,UmYcq6
219,XKptBL
220,fuaVYA
221,FLxCm4
222,jiLAjW
223,hht3ks
224,KXUeAS
225,Ky461y
226,PMF1Su
227,tb7QsV
228,2bgFdZ
229,rz3Ab5
230,7mSJqV
231,WxdqtM
232,RRKcQ4
233,ry6xGp
234,J93z5C
235,caAmvr
236,ZxjxYB
237,1zenPG
238,4Ypct7
239,fuLNUY
240,esEZDh
241,UHy93b
242,GMmAGB
243,5VVnq1
244,MG1dwj
245,ExcZQb
246,LHPyt8
247,KRjFiC
248,iKCvtf
249,UL4kUu
250,MD5ZwW
251,rSBq3W
252,baKuea
253,NC1AP8
254,5Ujnik
255,mVfPu8
256,92i4qs
257,2zqu5p
258,DKB7aB
259,q3UWSn
260,LSEnt4
261,HSuS5W
262,K75mYz
263,hFvzaM
264,fa6PyQ
265,P4ZcaX
266,gVsHnw
267,PSY4h8
268,y1mqyC
269,tA43g9
270,zXhAVH
271,S8MmFb
272,JrrNd3
273,88XCsg
274,Zc3xRh
275,KaHVFZ
276,f6S81a
277,Zf1U99
278,FSKbv1
279,f4uR6K
280,ih3yuc
281,EjkmSf
282,j7Ah8J
283,sGj6vN
284,tjfKWx
285,BUGmqM
286,YCQJuR
287,Qe6ZPz
288,RCLM1C
289,yFVNdg
290,rn4D84
291,aSL22Z
292,hhYSM2
293,ySYKdi
294,kcfAUA
295,8aaKEa
296,15R4JF
297,ga9Rfj
298,LGfRJE
299,cqh2bZ
300,V6M5wz
301,b5HZWe
302,xQvGpm
303,cjhUHK
304,VbXFQs
305,n2wK5Y
306,xc4kW5
307,yeaGHJ
308,hsmk5G
309,pGXkkZ
310,FbvWMx
311,W8kmRF
312,ZZ4jeC
313,3pcGsi
314,qbGUMN
315,BQ7CU6
316,sZD6D3
317,cezpd3
318,CSAVMJ
319,RcL3dY
320,B6YmXD
321,bzDUjr
322,Mg3JjJ
323,VH4EpQ
324,PvXn5W
325,ibkS1F
326,cc7Spp
327,FSUGV8
328,cfjLcx
329,Uz39SX
330,fuah8d
331,AR3RWY
332,v4dCcG
333,H7MAbz
334,B8yAPA
335,puvbGs
336,9MzLRV
337,3McjSh
338,txezk5
339,vY9m9M
340,KAdA5z
341,8R4MpM
342,mH5Vcg
343,WLXBpu
344,swb4S3
345,iS6fNQ
346,nyDpSZ
347,nNhzkP
348,YcV8C2
349,EFYP6E
350,WMhR2P
351,VftjdU
352,CRutZH
353,aQKGiw
354,8QEWPQ
355,Vzp4WH
356,tX2svi
357,RrE7Xj
358,5vvYqB
359,WDvYVV
360,L3WXwk
361,vxBiB7
362,6dNqGX
363,dkA6mt
364,dKd86j
365,diPrfc
366,DmJiP1
367,LYM1Jd
368,REF5cZ
369,b2t1e5
370,rtKu5M
371,aPYRbX
372,tHfyVC
373,6PZndk
374,ZBR9ga
375,AWmw1n
376,nRUQd9
377,cd6ZSj
378,Kus2M5
379,f4Zih7
380,VCcbYi
381,X7u5pA
382,99LW5n
383,SnvuXg
384,gSUbvh
385,Yb3hrZ
386,e11gSF
387,NSk2LF
388,svehH2
389,fBMHp4
390,WY7mLf
391,15h9mu
392,u5gBX5
393,sNEEiu
394,vHGGLb
395,JcWMB6
396,7qub7t
397,BzDxLY
398,yX4z68
399,QAmRuM
400,XNwntE
401,pUUJMM
402,q1nDkY
403,1XNLbn
404,cDntCa
405,SD8kqu
406,eDidtj
407,rLqpVM
408,QS6SmK
409,GPsXc6
410,ZuskuF
411,2FkzwX
412,Y5Cb1n
413,cbJf9g
414,KMmHsk
415,c81Kev
416,a1HqzM
417,Nz9ez4
418,Dk4aZc
419,q7pSym
420,EefsnR
421,MeHAz8
422,V8AqdX
423,GVEAy4
424,8YEDrY
425,Rdmh6G
426,vkMZ6D
427,BGqJXn
428,tPASji
429,sMwXBR
430,pShfmA
431,H1RyAS
432,ARQAce
433,XJG6nW
434,bYHQuK
435,xqQD6B
436,YHDhEX
437,vVG9L1
438,8jmhzv
439,KiFcyq
440,Yc6C7C
441,DMBRmn
442,hy8cNb
443,SR1aii
444,RpURiM
445,MVSdmp
446,f9GJwZ
447,2Ec5Ve
448,U95qQY
449,4j8LG7
450,MhtCjr
451,JnNA1g
452,PzWRdG
453,AqpGRe
454,dMeHey
455,vfqKFV
456,vUeesw
457,n2abgK
458,hqByQA
459,meEztx
460,9Vreh9
461,rvi8kn
462,rsHQfq
463,ANS6p7
464,pdpXtH
465,HUhV7Y
466,7kAqvm
467,VVQ9E2
468,NcxEKp
469,eUYN2g
470,rcb3Mj
471,5WCZAJ
472,MBWjye
473,XbdAxx
474,ejHNrD
475,iSmzMd
476,2ksapy
477,NxZ3HZ
478,feLdRv
479,Ddx1cy
480,cAb5XA
481,AVY2S2
482,xVnDbH
483,4JU3uG
484,GWtGqD
485,Ywettm
486,FLB61j
487,G5sM5m
488,k3qcjF
489,ta73rQ
490,vFNjik
491,QvjAc5
492,YQnbYY
493,FQtmas
494,sgg5ka
495,fJnMPX
496,vUF2Jw
497,wfLRXt
498,nmG7cK
499,8jvqvB
500,M1Mx2s
501,iLg79c
502,9aRxS6
503,QDVcdy
504,aUJaaN
505,yhFM1m
506,4hLWDA
507,6BbzcK
508,vkGMvn
509,kDRaVf
510,NUkpKL
511,SSm8pR
512,sfNjVq
513,KkW7x8
514,sPSkKp
515,bjry8n
516,cDjEiV
517,SPujN8
518,wbVZeP
519,vUkHEb
520,1tirk6
521,diGy6K
522,mKLPhW
523,wHZqtG
524,eMeKGt
525,Ry7mkH
526,NqV4Lq
527,8CymDS
528,pNwrey
529,Y4dLH5
530,1tE4zG
531,bGFFed
532,ncansu
533,GJ8tVc
534,Z2eEYp
535,MnNXkY
536,FvreJd
537,MtG8KG
538,NG1F5m
539,QpbM7x
540,JKfdKs
541,hazVNm
542,SvFgt7
543,B5e41A
544,XXqYwW
545,KZvhSK
546,gNqr3B
547,FJuJLk
548,rvAgJK
549,haLC7c
550,Ps3juh
551,xUZMy6
552,ERS7R7
553,4yZKn4
554,ZapND4
555,ePXczr
556,ZxwGPm
557,dRwZjv
558,fuaJp6
559,WCi34n
560,WPdMyA
561,CgC3qs
562,PFzWJt
563,UKP2Hg
564,RFSANY
565,kCdZ5K
566,v3HcQw
567,wURmMj
568,EkQb8P
569,qZEta3
570,qF9iYZ
571,X77VRF
572,ijcMgd
573,fCszsa
574,CFAj7f
575,Swx74x
576,bnuaYs
577,zEtR6z
578,GvM144
579,zCjLhk
580,FxN9Hs
581,tEq8bd
582,EuR9DF
583,RNewmR
584,S5uMj9
585,xXkfuh
586,6sS6K4
587,ht8qL7
588,BR8Hja
589,Y6zbAM
590,DinAYN
591,H5DddK
592,Rs7JNV
593,YZQKdq
594,VDxcUt
595,KYxFWe
596,s42Hpb
597,bJyJ4U
598,asZKFx
599,W9EN12
600,1z526L
601,Gf3Cit
602,BEyx2k
603,p7e2Qk
604,yix68v
605,bvbVwQ
606,XNVKp1
607,cgUrHx
608,bj2iiN
609,feqeyn
610,MsmStj
611,M9iVKy
612,Fkbvw1
613,gVnt9k
614,JHPkcm
615,fZGdBf
616,apMQdx
617,55hjdJ
618,pZ3D3U
619,baSaa6
620,FSfc1P
621,WG225F
622,bZj8r2
623,kwgYje
624,r8MuhJ
625,9CpkM1
626,KXpuN3
627,hNL87c
628,f6tgm2
629,fmyPa9
630,7dUQdk
631,kRvaPJ
632,n16wLa
633,xDSSbk
634,1bMdCy
635,KYR77P
636,yKrfiR
637,sdK7pU
638,ajdnYk
639,hqamrq
640,WdzmvA
641,a7x8YQ
642,ncAShu
643,hWxAYb
644,L9jXyW
645,eiCJid
646,YeD8bi
647,YFQ2wH
648,EMfqfN
649,E5dbx4
650,A4iAAh
651,z8WrPN
652,UBkWfd
653,ubaDpW
654,83H5gm
655,MubmSu
656,i1CamW
657,6hMs1A
658,4BrPbX
659,henHkh
660,NXKyBw
661,BaraD6
662,szF6gu
663,RWNguN
664,GAr5rK
665,icspbc
666,3yPzxb
667,zpxs57
668,xeWnKc
669,5dhDtP
670,DvNF31
671,yPm3aB
672,bmMaWq
673,c7JXRs
674,enjbfz
675,7Zxc8h
676,61QZ2d
677,EwMEQJ
678,GKqgY3
679,GtdDVq
680,512G9x
681,9XFe6q
682,dUvvQE
683,aMGLMC
684,V7fYRs
685,B3VQbu
686,ANbQQ5
687,YqqqG8
688,d7j2kR
689,GG2w2t
690,tZMndX
691,cVxm9W
692,dg8ubZ
693,AmHs1G
694,Z8CMEb
695,cfFQzG
696,iC8VH2
697,twxVCa
698,ePBYwR
699,FteKec
700,6txHJQ
701,RbSvEv
702,1QGmJd
703,hzvmnQ
704,M6d6d1
705,X4r3aB
706,yYfz1X
707,arXwK7
708,hEr6X3
709,PQpyph
710,Qbb9ag
711,61ivhQ
712,KJEh3G
713,FLx23Y
714,JEsStj
715,utJZ4B
716,S3XKRa
717,w4Xy4H
718,bQzMbj
719,88PzKv
720,MZhjKg
721,Ygwf1A
722,vkruz4
723,u9Uyxf
724,RRF5aU
725,HzPaBY
726,aw9QnS
727,33tSr5
728,zDrd8M
729,8U6rt9
730,xLUjp9
731,FXAQy2
732,GhrCrH
733,s1w9eG
734,EzDt3t
735,aSg8Dw
736,shzyVS
737,gjmB4t
738,DfSqmh
739,rAPbtG
740,zYvVPh
741,xfv9t3
742,m12AiJ
743,ikG6VN
744,HCmiEM
745,pufcHF
746,Zc6bDq
747,b8YP7q
748,tEi2FX
749,jVCj3U
750,cb9CVF
751,7Lzk8J
752,7RW33j
753,3eVx6w
754,1sp69a
755,6VyUar
756,kyQyxU
757,Zq2SCp
758,tZQ8ke
759,p4GQUD
760,CK5AFU
761,8PnVbW
762,9FiAyx
763,gqEfvc
764,dfHjkd
765,UfxX3Q
766,GSrWAE
767,QqZwCd
768,vm3M37
769,rayCsJ
770,DcJfhV
771,veBxar
772,YEi6ED
773,WWkAiW
774,7xUYgb
775,XiNkD1
776,P29jus
777,dCrS5a
778,5wKu1Q
779,nFrFrt
780,hviAfe
781,qG9zej
782,w2dhYF
783,KbDdNg
784,LEsua4
785,Qvr55J
786,s3q1UG
787,wiHEsp
788,z5fXmC
789,ZPHkEH
790,FGGW6n
791,qVmrpm
792,2NacRY
793,WxhBaw
794,Lmyt1x
795,etAnzN
796,pWYSeN
797,bDfgsU
798,g24z67
799,A8mqbu
800,h57qWj
801,s7dNvi
802,BgaqFu
803,dgKQEQ
804,zUc7kK
805,Ajm7SW
806,CgxXaY
807,arZ7fr
808,XHv4fZ
809,YxVCQg
810,WXeSdB
811,rVN5KL
812,GRH4kB
813,4e5vrV
814,PGamYG
815,v3MqBi
816,FcDbhE
817,DV1J5r
818,BCdacA
819,gAQXCL
820,X3DdYb
821,2RGUJy
822,WuNWaM
823,Uyb8bz
824,2mzdyA
825,4LUJ3x
826,W1AgLx
827,RiuaeC
828,uFEg8V
829,dFebjs
830,61sbWv
831,8bvUXC
832,wPJDtn
833,cnu7wL
834,uLRgpA
835,aMEHbz
836,M6BLZe
837,QMPFBY
838,dPagzY
839,CraNqg
840,XS7NHz
841,72QdvY
842,SAs98k
843,YdrvpZ
844,HuGUF3
845,UvACJM
846,t9A5CY
847,tUsf8m
848,Jbp4zF
849,BvFDWF
850,ygvjWg
851,wBkAds
852,qWZa97
853,4xL5zz
854,XLXnYV
855,3rNNan
856,Ax3ACf
857,k9sGb8
858,ZfQqE1
859,PpxFPP
860,zL2LLz
861,Y2er5U
862,MK2752
863,svMs86
864,gRQQCj
865,y5PZn5
866,4FwUJ8
867,u1Cidh
868,ZzULqL
869,L1cm3r
870,f817m4
871,kCJd1g
872,8efWsA
873,iYg1Lk
874,LDZ2q1
875,H9dLeR
876,zf8uWU
877,rz439w
878,wrbCR9
879,7Hwwpm
880,7H2MhE
881,YZHggi
882,LxnkJM
883,qn8V28
884,VvnF4s
885,wN3j1g
886,dfRehC
887,kHNuB3
888,F6t1g4
889,ULNwBQ
890,xNcxxp
891,W7DpVh
892,eiQvGq
893,YReN9j
894,Y9GgWh
895,Mf5DWm
896,QuHDGy
897,uA9iQf
898,FPgeQj
899,sjPFJs
900,2hZQsR
901,PF7BWu
902,LWLi41
903,guYiGK
904,YqpFwt
905,PEzwWu
906,xWn5HQ
907,EKjLxg
908,4m5ufj
909,af2RZK
910,fp4AnC
911,RVk1Es
912,auQFbh
913,bFwgxD
914,3p5xkw
915,ddSyMz
916,cX5Ur3
917,xXMJ8N
918,yE9LnS
919,fMwPNz
920,hcYGLz
921,gfgNv8
922,3HA6dc
923,S5682p
924,RhdqWa
925,MqEZ6k
926,6q4Ue3
927,KV6F6f
928,65cNki
929,u7hsmd
930,SMv3fD
931,JEcGhZ
932,Yk7R8P
933,ZELjvX
934,WCUWKE
935,UxFJus
936,vKXqEQ
937,nznG5N
938,7fLA9j
939,r11Qrv
940,r2JtKW
941,DkehFn
942,6v2E9p
943,gRbbR8
944,FYirdk
945,GzWaqm
946,pBzwbb
947,MK55jN
948,jcw1Bm
949,Na6tZj
950,CEiHSk
951,XfQvQd
952,5sFMVv
953,dqNZPu
954,yjxcVR
955,bizUBb
956,b46DkX
957,riaGFp
958,tzE1y4
959,2eCxAE
960,BCfumR
961,hHxgJr
962,c5LxGb
963,W1dPRb
964,78haax
965,upFqVA
966,BNrZmP
967,AhdqWP
968,kapupG
969,mCtM1R
970,yUwsfV
971,KS45aD
972,CSL1zE
973,skatdu
974,73QWuj
975,Y2ZGak
976,YuC3rm
977,wUPnmf
978,2XWBuX
979,4teunA
980,QnDs1R
981,5DRPZq
982,x7xfH9
983,E1SLMQ
984,ZQwHpZ
985,t23ijW
986,GM3QW9
987,VFEHAF
988,LE1uBk
989,RdCP8s
990,nnHyUb
991,s8LRXF
992,MSYrK7
993,ZmmdsU
994,xqQe2g
995,dzuZ1L
996,zPEjjB
997,cEEVmE
998,2axK7q
999,ryeM1x